ID,down,initial,up,YY,YN,NY,NN,NNY,NNN,No,Yes,income,male,age,c_water,I_P_water,I_P_sw_water,Clean_water,Se_service,I_sw_water,Smell,F_sw_water,I_sw_water,N_sw_water,E_health,E_water,E_ecosystem,E_smell,P_sw_water,P_water
2001,11500,23000,46000,1,0,0,0,0,0,0,1,490,1,38,3,4,4,5,5,1.666666667,3,3,3,4,4,4,4,4,3,0
2002,3500,7000,14000,0,0,0,1,0,1,1,0,850,0,43,4,4,4,3,4,1.333333333,4,3,3,3,3,4,3,3,3,0
2003,22500,45000,90000,0,0,0,1,1,0,1,0,270,1,40,3,3,3,3,3,1.333333333,3,3,3,3,4,4,4,4,3,1
2004,40000,80000,160000,0,0,1,0,0,0,1,0,270,0,37,4,3,3,3,3,1,1,4,4,5,4,4,4,4,3,0
2005,6000,12000,24000,0,0,1,0,0,0,1,0,800,1,33,4,4,4,4,3,1.166666667,3,2,4,5,4,4,5,4,2,0
2006,11500,23000,46000,0,1,0,0,0,0,0,1,430,1,44,4,4,3,5,4,1.333333333,4,4,4,4,4,4,5,4,2,0
2007,11500,23000,46000,0,0,0,1,0,1,1,0,100,0,44,3,4,4,4,4,1.666666667,3,3,3,4,4,4,4,4,3,0
2008,22500,45000,90000,0,0,0,1,0,1,1,0,400,1,36,4,4,3,4,4,1.166666667,3,3,3,4,4,4,4,4,3,0
2009,40000,80000,160000,0,0,1,0,0,0,1,0,290,1,39,3,4,4,5,5,1.166666667,3,3,2,5,3,3,4,3,3,0
2010,22500,45000,90000,0,0,0,1,0,1,1,0,650,1,45,5,4,4,4,3,1.333333333,4,3,4,3,4,3,4,5,4,0
2011,22500,45000,90000,0,1,0,0,0,0,0,1,450,0,39,4,3,3,4,4,2,3,4,4,4,4,4,4,4,3,1
2012,40000,80000,160000,1,0,0,0,0,0,0,1,570,1,39,5,5,4,4,5,1.166666667,4,3,5,4,4,5,4,5,4,0
2013,11500,23000,46000,0,0,0,1,0,1,1,0,350,1,33,4,5,4,4,4,1.666666667,4,3,3,4,4,5,5,5,3,0
2014,11500,23000,46000,0,0,0,1,0,1,1,0,290,0,29,4,4,3,3,4,2,3,4,2,4,3,3,3,4,3,0
2015,11500,23000,46000,0,0,1,0,0,0,1,0,1000,1,51,5,5,5,5,4,1.166666667,3,4,5,5,5,5,5,4,4,1
2016,11500,23000,46000,0,0,1,0,0,0,1,0,290,1,35,5,5,4,5,5,2,3,3,4,4,4,4,4,4,3,0
2017,3500,7000,14000,1,0,0,0,0,0,0,1,660,1,50,5,3,3,4,4,1,3,4,4,5,4,5,4,4,4,0
2018,3500,7000,14000,0,0,0,1,0,1,1,0,420,1,40,5,5,5,5,5,1,2,4,5,5,5,5,5,5,3,0
2019,22500,45000,90000,0,0,0,1,0,1,1,0,810,0,32,3,3,3,3,3,2,2,3,3,3,3,3,3,3,3,0
2020,3500,7000,14000,0,0,1,0,0,0,1,0,270,1,34,4,4,4,5,5,1.833333333,1,5,3,5,4,5,5,4,3,1
2021,3500,7000,14000,1,0,0,0,0,0,0,1,210,1,31,3,4,3,4,4,2,4,3,3,4,4,4,4,4,3,0
2022,22500,45000,90000,0,1,0,0,0,0,0,1,190,0,29,4,5,4,5,5,1.5,4,2,3,5,1,2,2,2,4,0
2023,22500,45000,90000,1,0,0,0,0,0,0,1,600,0,43,4,4,4,4,4,1,4,4,4,4,3,4,4,4,4,1
2024,40000,80000,160000,0,0,1,0,0,0,1,0,270,1,36,3,4,4,5,5,1.333333333,4,3,3,5,5,5,5,5,3,0
2025,40000,80000,160000,0,0,1,0,0,0,1,0,600,1,47,4,3,3,5,4,1.666666667,4,4,4,5,5,5,5,5,2,0
2026,40000,80000,160000,0,1,0,0,0,0,0,1,450,1,44,4,3,3,4,4,1.666666667,2,3,4,4,4,4,4,4,4,0
2027,3500,7000,14000,1,0,0,0,0,0,0,1,190,1,40,5,5,5,5,5,1.833333333,1,3,3,5,4,4,4,4,4,0
2028,22500,45000,90000,1,0,0,0,0,0,0,1,850,0,46,5,5,5,5,5,1.666666667,2,4,3,4,5,5,5,5,4,0
2029,22500,45000,90000,0,0,1,0,0,0,1,0,450,1,44,4,3,3,5,4,1.333333333,3,3,3,4,4,4,4,4,3,0
2030,11500,23000,46000,1,0,0,0,0,0,0,1,390,1,44,4,3,3,5,5,1.5,4,3,3,5,4,5,4,5,3,0
2031,3500,7000,14000,1,0,0,0,0,0,0,1,350,1,65,5,4,4,5,4,1,4,3,5,5,4,4,4,4,5,1
2032,22500,45000,90000,0,0,0,1,0,1,1,0,1000,1,57,4,4,4,5,5,1.166666667,4,4,4,5,5,5,4,4,3,1
2033,3500,7000,14000,0,0,1,0,0,0,1,0,450,1,63,4,4,4,4,4,1,4,3,4,4,4,3,4,5,4,1
2034,11500,23000,46000,1,0,0,0,0,0,0,1,470,0,45,5,4,4,4,4,2,4,3,2,4,4,4,4,4,1,0
2035,3500,7000,14000,0,0,1,0,0,0,1,0,330,1,54,4,3,3,4,4,1.5,4,3,3,4,4,4,4,4,4,0
2036,22500,45000,90000,0,0,0,1,0,1,1,0,40,1,43,5,5,5,5,5,2,3,4,5,5,5,5,5,5,1,1
2037,40000,80000,160000,0,0,0,1,0,1,1,0,350,1,24,4,4,3,5,4,1.333333333,4,3,4,4,4,3,3,4,4,0
2038,40000,80000,160000,0,0,0,1,0,1,1,0,450,1,58,4,4,5,5,5,1.833333333,4,4,3,3,4,3,4,4,3,1
2039,11500,23000,46000,0,0,0,1,0,1,1,0,450,0,55,5,5,4,5,5,1.666666667,4,3,4,5,3,3,3,3,4,1
2040,11500,23000,46000,0,0,1,0,0,0,1,0,550,0,64,5,5,5,5,5,1.666666667,2,3,4,5,5,5,5,5,2,0
2041,40000,80000,160000,0,0,0,1,0,1,1,0,600,0,60,5,4,4,5,5,1.333333333,4,3,5,5,4,4,4,5,4,0
2042,11500,23000,46000,0,1,0,0,0,0,0,1,450,1,44,4,4,3,5,2,1.5,4,3,4,4,5,4,4,5,3,0
2043,22500,45000,90000,0,0,0,1,0,1,1,0,680,0,33,5,4,3,5,5,1.5,4,4,5,4,4,3,1,5,5,0
2044,6000,12000,24000,0,0,0,1,0,1,1,0,520,1,45,4,3,4,3,3,1.833333333,3,3,3,3,3,4,4,3,4,1
2045,6000,12000,24000,0,0,1,0,0,0,1,0,530,1,48,3,3,3,4,4,1.166666667,1,4,3,3,3,5,5,4,4,0
2046,11500,23000,46000,0,0,0,1,0,1,1,0,220,1,29,2,5,5,2,2,1.833333333,2,5,1,4,1,4,1,5,3,1
2047,3500,7000,14000,0,0,1,0,0,0,1,0,600,0,41,5,5,5,5,5,1,4,4,4,4,4,5,4,4,4,1
2048,11500,23000,46000,0,0,0,1,0,1,1,0,350,1,57,4,5,3,3,3,1.5,3,4,3,5,4,3,4,5,4,1
2049,3500,7000,14000,0,0,0,1,0,1,1,0,820,1,39,3,4,4,4,4,1.833333333,3,4,3,4,4,4,4,4,3,0
2050,3500,7000,14000,1,0,0,0,0,0,0,1,650,1,61,5,5,5,4,4,1,4,4,5,5,5,4,5,5,4,1
2051,22500,45000,90000,0,1,0,0,0,0,0,1,280,1,39,4,5,5,5,5,1.5,4,3,3,5,4,5,4,5,2,0
2052,6000,12000,24000,0,0,1,0,0,0,1,0,290,0,44,3,4,4,4,4,1.666666667,3,3,3,3,3,3,3,3,3,0
2054,11500,23000,46000,0,0,0,1,0,1,1,0,550,1,54,5,5,5,5,5,1.166666667,3,3,5,5,5,5,5,5,5,0
2055,11500,23000,46000,0,0,0,1,0,1,1,0,450,0,32,4,5,4,5,5,1.333333333,4,2,4,5,5,4,4,4,3,0
2057,22500,45000,90000,0,0,0,1,0,1,1,0,280,1,40,4,4,4,5,5,1.333333333,4,3,2,4,4,4,4,5,2,0
2058,6000,12000,24000,0,0,0,1,0,1,1,0,190,1,49,3,4,4,5,5,1,3,3,2,4,2,4,4,4,3,0
2059,40000,80000,160000,0,0,1,0,0,0,1,0,180,0,41,4,3,3,5,5,1.5,3,4,3,5,4,5,5,4,3,0
2060,3500,7000,14000,0,0,0,1,0,1,1,0,350,0,27,4,4,3,4,3,1.333333333,4,2,2,4,4,2,3,4,4,0
2061,40000,80000,160000,0,0,0,1,1,0,1,0,310,1,45,5,4,4,5,4,1,4,3,4,4,4,4,4,5,3,1
2062,40000,80000,160000,0,0,0,1,0,1,1,0,190,0,28,5,4,4,4,4,1.166666667,1,4,3,4,4,4,4,5,3,0
2063,22500,45000,90000,0,0,0,1,0,1,1,0,100,0,47,3,3,3,4,3,1.833333333,5,3,3,4,4,4,3,4,3,0
2064,11500,23000,46000,1,0,0,0,0,0,0,1,450,0,47,5,4,4,4,5,1,4,4,4,5,4,4,5,4,3,1
2065,22500,45000,90000,0,0,1,0,0,0,1,0,450,0,41,3,5,4,5,5,1.5,4,3,3,5,4,4,4,4,3,1
2066,22500,45000,90000,1,0,0,0,0,0,0,1,640,1,47,4,4,4,5,4,1.5,3,3,4,4,4,4,4,4,4,0
2067,40000,80000,160000,1,0,0,0,0,0,0,1,450,1,46,4,4,4,4,4,1,2,4,4,4,4,3,4,4,3,1
2068,40000,80000,160000,0,0,0,1,0,1,1,0,280,1,42,3,4,3,4,4,1.333333333,1,4,3,5,3,4,4,4,3,0
2069,3500,7000,14000,0,1,0,0,0,0,0,1,630,1,38,4,3,4,3,4,1.5,4,3,4,3,3,4,4,3,3,0
2070,11500,23000,46000,0,0,1,0,0,0,1,0,480,1,58,3,4,4,4,5,1,3,3,3,4,5,5,5,5,3,0
2071,11500,23000,46000,0,0,0,1,0,1,1,0,550,1,48,3,4,4,4,4,1.666666667,3,3,3,3,4,4,4,4,3,0
2072,6000,12000,24000,0,0,1,0,0,0,1,0,450,0,26,4,4,1,5,5,1.833333333,4,3,2,5,4,5,3,5,2,0
2073,22500,45000,90000,0,0,0,1,0,1,1,0,450,1,42,4,3,3,4,5,1.333333333,3,4,3,4,3,4,4,4,3,0
2074,40000,80000,160000,0,0,0,1,0,1,1,0,890,0,34,4,4,4,5,5,1.333333333,4,3,3,5,4,4,4,5,4,0
2075,6000,12000,24000,1,0,0,0,0,0,0,1,600,1,54,4,4,4,5,5,1,2,4,4,5,5,5,5,4,4,1
2076,22500,45000,90000,0,0,0,1,0,1,1,0,390,0,47,3,4,4,5,4,2,4,3,3,4,3,3,3,4,3,0
2077,22500,45000,90000,0,0,0,1,0,1,1,0,420,0,40,4,4,4,5,5,2,4,3,4,4,5,4,5,4,3,0
2078,6000,12000,24000,1,0,0,0,0,0,0,1,300,1,36,4,5,5,5,5,1,2,3,4,4,4,3,3,4,3,1
2079,11500,23000,46000,0,1,0,0,0,0,0,1,800,0,34,4,4,4,5,5,2,2,4,2,4,4,5,5,5,4,0
2080,6000,12000,24000,1,0,0,0,0,0,0,1,880,1,40,5,5,5,5,5,1,4,3,4,5,4,5,5,4,3,0
2081,6000,12000,24000,1,0,0,0,0,0,0,1,590,1,34,4,4,4,4,3,1.5,4,3,2,4,4,4,4,5,5,0
2082,22500,45000,90000,0,0,0,1,1,0,1,0,150,0,55,5,5,5,5,5,2,4,3,4,5,5,5,5,5,4,1
2083,6000,12000,24000,1,0,0,0,0,0,0,1,480,0,48,3,3,3,4,3,1.333333333,3,3,3,3,3,4,3,4,3,0
2084,6000,12000,24000,0,0,0,1,0,1,1,0,170,0,34,3,4,4,4,5,2,3,3,2,4,3,4,5,5,3,0
2085,6000,12000,24000,1,0,0,0,0,0,0,1,310,1,45,5,3,4,5,4,1,2,3,3,5,4,4,4,4,3,1
2086,22500,45000,90000,0,0,0,1,0,1,1,0,410,1,53,5,4,4,5,4,1.666666667,4,3,4,5,5,5,5,5,2,0
2087,11500,23000,46000,0,0,0,1,0,1,1,0,890,1,41,5,5,3,4,5,1.5,3,4,4,4,4,5,3,5,3,0
2088,22500,45000,90000,0,0,0,1,0,1,1,0,450,1,52,4,4,4,4,4,1.166666667,3,3,3,4,4,4,4,4,2,0
2089,11500,23000,46000,0,0,0,1,0,1,1,0,650,0,50,4,4,5,4,5,1,2,4,4,4,4,4,5,5,4,1
2090,3500,7000,14000,0,0,0,1,0,1,1,0,300,0,34,2,4,3,4,4,2,1,4,2,5,5,5,4,3,3,0
2091,22500,45000,90000,0,1,0,0,0,0,0,1,230,1,33,4,4,4,4,4,1.333333333,2,3,3,4,4,4,5,5,3,0
2092,3500,7000,14000,0,0,0,1,0,1,1,0,520,1,37,4,4,4,4,5,1.5,2,4,4,4,5,5,4,5,3,0
2093,6000,12000,24000,0,0,1,0,0,0,1,0,400,1,49,4,4,4,4,3,1.5,4,3,4,4,4,3,3,4,4,0
2094,3500,7000,14000,0,0,0,1,0,1,1,0,450,0,28,4,4,4,5,4,1,2,3,4,4,4,4,4,4,3,1
2095,40000,80000,160000,0,0,0,1,0,1,1,0,350,0,45,4,4,3,4,4,1.666666667,2,4,4,4,4,4,5,5,3,0
2096,11500,23000,46000,0,0,0,1,0,1,1,0,520,1,53,5,2,5,2,3,1.5,4,3,3,2,3,2,4,4,3,1
2097,11500,23000,46000,0,1,0,0,0,0,0,1,350,1,55,3,4,4,3,3,1.333333333,4,4,3,4,4,4,4,4,3,0
2098,22500,45000,90000,0,0,0,1,0,1,1,0,650,1,27,4,3,3,4,4,1.333333333,2,4,4,5,3,5,4,5,3,1
2099,22500,45000,90000,0,1,0,0,0,0,0,1,350,0,50,4,4,4,4,4,1.666666667,4,4,4,5,4,4,5,4,3,1
2100,22500,45000,90000,0,0,0,1,0,1,1,0,500,0,42,4,4,4,5,5,2,2,4,3,5,5,5,5,5,3,0
2101,3500,7000,14000,0,0,0,1,0,1,1,0,30,1,48,3,3,3,3,3,2,3,3,3,3,3,3,3,3,3,0
2102,40000,80000,160000,0,0,0,1,0,1,1,0,650,1,30,2,5,5,5,5,1.833333333,2,4,1,5,5,5,5,5,3,0
2103,3500,7000,14000,1,0,0,0,0,0,0,1,550,0,41,5,5,5,5,5,1.666666667,5,2,4,4,4,5,4,5,4,0
2104,22500,45000,90000,0,0,0,1,0,1,1,0,330,1,49,3,5,4,5,3,1.333333333,4,4,3,4,4,5,4,4,3,0
2105,40000,80000,160000,0,0,0,1,0,1,1,0,370,1,46,4,4,4,5,4,1.333333333,2,3,3,5,5,4,4,4,4,1
2106,6000,12000,24000,0,0,0,1,0,1,1,0,310,1,47,5,5,5,5,5,2,3,3,5,5,5,5,5,5,4,0
2107,22500,45000,90000,0,0,1,0,0,0,1,0,620,1,30,4,4,4,4,4,1.166666667,3,4,3,4,3,4,4,3,3,0
2108,11500,23000,46000,0,0,1,0,0,0,1,0,300,0,43,5,4,4,4,4,2,3,4,3,5,3,4,4,4,4,1
2109,6000,12000,24000,0,0,1,0,0,0,1,0,130,0,27,3,4,4,4,4,1.833333333,4,4,3,4,3,3,3,4,3,0
2110,40000,80000,160000,0,0,0,1,0,1,1,0,830,1,51,4,4,4,4,3,1.166666667,3,2,4,4,4,4,4,5,2,0
2111,3500,7000,14000,1,0,0,0,0,0,0,1,220,1,41,4,5,3,3,4,1.5,4,4,3,4,4,4,5,4,4,0
2112,22500,45000,90000,0,0,1,0,0,0,1,0,880,1,25,4,3,4,3,2,1.5,3,4,4,3,4,4,2,3,3,0
2113,40000,80000,160000,0,0,0,1,1,0,1,0,690,0,45,4,5,5,5,5,1,4,3,4,4,4,4,4,4,2,1
2114,22500,45000,90000,1,0,0,0,0,0,0,1,490,1,39,5,5,4,4,5,1.666666667,4,3,4,5,4,5,5,5,3,0
2115,11500,23000,46000,0,0,1,0,0,0,1,0,420,0,27,4,4,4,5,4,1.5,5,4,4,4,4,5,4,4,3,0
2116,11500,23000,46000,0,0,1,0,0,0,1,0,450,1,47,4,4,4,4,4,1.666666667,4,4,4,4,3,4,3,3,3,1
2117,40000,80000,160000,0,0,0,1,0,1,1,0,600,1,38,4,3,3,4,4,1.5,4,3,4,3,3,4,4,3,4,0
2118,40000,80000,160000,0,0,0,1,0,1,1,0,360,1,39,4,4,2,4,3,1.833333333,2,4,4,4,4,4,4,5,2,1
2119,11500,23000,46000,0,0,0,1,0,1,1,0,500,1,36,4,4,3,3,4,2,3,3,2,4,4,3,3,2,4,0
2120,11500,23000,46000,0,1,0,0,0,0,0,1,130,0,42,5,5,5,5,5,2,4,3,4,5,5,5,5,5,3,0
2121,6000,12000,24000,1,0,0,0,0,0,0,1,800,1,38,3,4,4,5,4,2,1,4,3,4,3,3,3,4,3,0
2122,6000,12000,24000,0,1,0,0,0,0,0,1,120,1,48,5,4,4,4,5,1.666666667,3,4,2,5,5,5,5,5,3,1
2123,22500,45000,90000,0,0,0,1,0,1,1,0,150,0,39,5,4,3,3,4,2,2,3,3,5,4,5,5,4,4,0
2124,3500,7000,14000,0,0,1,0,0,0,1,0,180,1,24,3,3,4,4,3,1.666666667,3,4,3,3,2,3,3,3,3,0
2125,40000,80000,160000,0,0,0,1,0,1,1,0,450,0,57,4,5,5,4,4,1.666666667,4,2,4,4,4,4,3,4,3,0
2126,11500,23000,46000,0,0,1,0,0,0,1,0,200,1,34,3,4,4,3,2,1.666666667,3,3,3,3,3,4,3,4,3,0
2127,22500,45000,90000,0,0,0,1,0,1,1,0,240,1,47,5,5,5,5,5,1.166666667,4,3,5,5,4,5,4,4,4,1
2128,22500,45000,90000,0,0,0,1,0,1,1,0,300,1,39,3,4,4,4,4,1.666666667,3,4,2,4,3,4,3,4,4,1
2129,11500,23000,46000,0,1,0,0,0,0,0,1,100,0,35,5,5,5,4,4,1.333333333,3,3,3,3,4,5,4,4,3,0
2130,6000,12000,24000,0,1,0,0,0,0,0,1,420,1,56,4,3,4,4,2,1.333333333,3,4,3,4,3,4,3,3,3,0
2131,6000,12000,24000,1,0,0,0,0,0,0,1,440,1,40,5,3,3,3,4,1.166666667,2,3,4,5,4,5,3,5,2,1
2132,6000,12000,24000,0,1,0,0,0,0,0,1,360,1,54,4,4,4,3,4,1.666666667,4,3,3,4,4,5,4,5,3,0
2133,22500,45000,90000,0,0,0,1,0,1,1,0,420,0,40,3,4,3,5,4,1.833333333,3,4,3,5,4,3,3,4,1,0
2134,22500,45000,90000,0,0,0,1,0,1,1,0,490,0,45,4,4,4,4,4,1.166666667,3,4,3,4,4,4,4,5,3,0
2135,11500,23000,46000,0,0,0,1,0,1,1,0,260,1,34,4,5,5,5,5,1,4,3,5,5,5,5,5,5,4,1
2136,11500,23000,46000,0,0,1,0,0,0,1,0,520,0,58,4,4,4,5,5,1.333333333,2,4,4,5,5,5,5,5,3,0
2137,40000,80000,160000,0,0,0,1,1,0,1,0,650,1,35,5,4,3,4,3,1.5,3,3,4,4,4,4,3,3,3,1
2138,3500,7000,14000,1,0,0,0,0,0,0,1,800,1,58,4,4,4,5,5,1.166666667,4,3,5,5,5,5,5,5,4,1
2139,3500,7000,14000,0,0,0,1,0,1,1,0,270,0,33,4,2,2,4,3,2,1,4,3,5,4,4,4,3,3,1
2140,11500,23000,46000,0,0,0,1,0,1,1,0,280,0,22,2,4,3,4,4,2,2,3,1,4,4,4,4,4,4,0
2141,11500,23000,46000,0,0,0,1,0,1,1,0,240,1,59,3,4,3,4,4,1.666666667,2,4,3,4,3,4,4,3,3,0
2142,3500,7000,14000,0,1,0,0,0,0,0,1,490,1,31,3,5,4,5,5,2,3,2,2,3,2,3,3,3,2,0
2143,11500,23000,46000,1,0,0,0,0,0,0,1,390,0,55,4,4,4,4,4,1.166666667,4,4,4,3,4,4,4,4,4,1
2144,11500,23000,46000,0,0,0,1,0,1,1,0,230,1,31,4,3,3,3,3,2,2,4,4,4,3,3,3,4,2,0
2145,22500,45000,90000,0,0,0,1,0,1,1,0,650,0,33,4,4,3,4,3,1.5,4,3,3,4,4,4,4,4,3,0
2146,22500,45000,90000,0,0,0,1,0,1,1,0,370,0,26,4,5,5,4,4,1.5,3,3,3,5,4,5,5,5,3,0
2147,40000,80000,160000,0,1,0,0,0,0,0,1,330,1,45,4,5,4,4,4,1.5,4,4,4,5,4,4,4,5,4,0
2148,11500,23000,46000,0,0,0,1,0,1,1,0,9250,1,32,4,3,3,4,3,1.5,3,3,3,4,3,3,2,4,3,1
2149,40000,80000,160000,0,0,1,0,0,0,1,0,160,0,26,4,4,4,5,5,2,4,2,3,4,2,4,4,4,3,0
2150,22500,45000,90000,0,0,1,0,0,0,1,0,250,1,33,3,3,4,3,4,1.5,3,4,3,4,3,4,3,3,4,0
2151,6000,12000,24000,0,0,1,0,0,0,1,0,500,0,31,4,4,4,4,4,1.5,4,4,4,4,2,4,3,3,4,0
2152,22500,45000,90000,0,0,1,0,0,0,1,0,250,0,24,4,3,4,4,4,1.5,2,3,3,4,2,4,3,3,2,0
2153,40000,80000,160000,0,0,0,1,0,1,1,0,890,1,37,4,4,4,4,4,1.333333333,4,3,4,5,4,4,4,5,3,0
2154,3500,7000,14000,0,0,0,1,0,1,1,0,70,0,26,3,4,4,3,4,1.833333333,1,4,2,4,4,4,3,4,3,1
2155,22500,45000,90000,0,0,0,1,1,0,1,0,410,1,55,4,5,3,4,3,1.5,4,3,3,4,5,4,4,4,3,0
2156,40000,80000,160000,0,0,0,1,0,1,1,0,290,0,60,5,5,4,5,4,1.5,4,3,5,5,4,5,4,4,3,0
2157,6000,12000,24000,0,0,1,0,0,0,1,0,560,0,51,4,2,4,1,4,1.333333333,4,3,4,2,3,2,4,4,3,1
2158,6000,12000,24000,1,0,0,0,0,0,0,1,550,1,43,5,5,5,5,4,1.5,4,4,3,5,3,5,2,3,4,1
2159,22500,45000,90000,0,0,1,0,0,0,1,0,280,1,34,4,4,4,5,3,1.333333333,4,3,4,4,5,4,5,3,4,0
2160,11500,23000,46000,0,0,0,1,0,1,1,0,280,0,35,4,4,5,5,4,1.833333333,3,3,4,4,4,5,4,5,4,0
2161,11500,23000,46000,0,0,0,1,0,1,1,0,30,1,23,4,3,3,4,4,1.666666667,3,3,3,3,3,3,4,3,3,0
2162,40000,80000,160000,1,0,0,0,0,0,0,1,600,1,28,5,5,5,5,5,1,4,4,5,5,5,5,5,5,5,1
2163,3500,7000,14000,0,0,1,0,0,0,1,0,240,0,44,4,4,4,4,5,1,4,2,4,4,4,5,5,4,3,0
2164,11500,23000,46000,0,0,1,0,0,0,1,0,890,1,42,4,4,4,4,4,1,4,4,4,4,4,4,4,4,2,1
2165,11500,23000,46000,0,1,0,0,0,0,0,1,480,0,34,5,5,5,4,4,1.666666667,4,3,1,5,4,3,4,5,4,0
2166,3500,7000,14000,0,1,0,0,0,0,0,1,450,0,31,5,4,4,5,5,1.833333333,3,3,4,5,4,4,4,4,3,0
2167,11500,23000,46000,0,0,0,1,0,1,1,0,50,1,40,3,5,5,5,5,1.5,3,2,4,4,4,4,4,4,3,1
2168,3500,7000,14000,1,0,0,0,0,0,0,1,380,1,55,5,4,3,4,3,1.333333333,3,4,4,5,3,4,5,4,3,1
2169,22500,45000,90000,0,0,0,1,0,1,1,0,230,1,28,4,4,3,3,3,1.333333333,4,4,4,3,3,4,4,3,4,0
2170,6000,12000,24000,0,0,0,1,0,1,1,0,550,1,24,5,4,5,5,4,1.333333333,4,3,4,4,4,4,5,4,2,1
2171,6000,12000,24000,1,0,0,0,0,0,0,1,620,1,32,4,4,3,4,4,1.333333333,4,3,3,4,4,4,5,4,2,0
2172,3500,7000,14000,0,1,0,0,0,0,0,1,320,0,33,5,5,4,5,5,1.333333333,5,4,4,5,5,5,5,5,2,1
2173,6000,12000,24000,0,1,0,0,0,0,0,1,220,1,29,4,4,3,4,4,1.833333333,3,4,3,4,4,5,5,4,4,0
2174,22500,45000,90000,0,0,0,1,0,1,1,0,320,1,36,5,4,5,4,5,1.333333333,4,3,4,5,4,5,3,4,4,0
2175,40000,80000,160000,0,0,0,1,0,1,1,0,230,1,30,4,4,4,4,4,1,1,4,4,4,4,4,4,4,4,0
2176,3500,7000,14000,1,0,0,0,0,0,0,1,1020,1,47,4,4,4,4,3,1.833333333,4,4,4,4,5,4,4,4,4,0
2177,3500,7000,14000,0,0,0,1,0,1,1,0,650,0,32,4,5,2,5,4,1.5,4,3,4,5,4,5,1,4,5,0
2178,40000,80000,160000,0,0,0,1,1,0,1,0,670,1,62,5,4,3,4,2,1.5,4,3,4,5,3,2,3,1,4,0
2179,40000,80000,160000,0,0,1,0,0,0,1,0,460,1,46,4,3,3,3,3,1.666666667,4,4,4,5,3,4,3,5,4,0
2180,40000,80000,160000,0,0,1,0,0,0,1,0,360,0,61,4,3,3,4,4,1.333333333,4,4,3,5,3,5,4,4,3,0
2181,3500,7000,14000,1,0,0,0,0,0,0,1,650,0,53,4,4,4,5,4,1,2,3,3,4,4,4,4,4,3,1
2183,6000,12000,24000,1,0,0,0,0,0,0,1,350,1,23,4,4,4,5,4,1.166666667,2,4,4,4,4,5,5,5,4,1
2184,11500,23000,46000,0,1,0,0,0,0,0,1,240,1,41,4,5,4,4,5,1.333333333,4,3,4,5,5,5,4,4,4,0
2185,40000,80000,160000,0,0,0,1,0,1,1,0,430,1,34,4,4,4,5,5,1.333333333,5,3,4,5,3,3,3,4,4,1
2186,11500,23000,46000,0,0,1,0,0,0,1,0,310,0,25,4,5,4,5,4,1.833333333,3,3,3,3,3,3,3,3,2,0
2187,11500,23000,46000,0,1,0,0,0,0,0,1,140,0,26,3,4,3,4,3,1.666666667,4,3,3,4,4,4,4,5,3,0
2188,40000,80000,160000,0,0,1,0,0,0,1,0,480,1,31,5,4,4,4,4,1.166666667,4,5,4,5,4,4,5,5,4,0
2189,22500,45000,90000,0,0,1,0,0,0,1,0,430,0,36,4,4,5,5,4,1.166666667,4,4,4,5,4,5,5,3,4,1
2190,11500,23000,46000,0,0,0,1,0,1,1,0,320,0,28,4,4,4,4,3,1.5,2,4,2,4,4,4,4,4,2,0
2191,40000,80000,160000,0,0,0,1,0,1,1,0,620,0,44,4,4,3,4,4,1.166666667,4,3,4,4,4,5,4,4,2,0
2192,3500,7000,14000,0,0,0,1,0,1,1,0,350,1,41,4,5,5,4,4,2,4,3,4,5,3,3,3,4,2,0
2193,6000,12000,24000,1,0,0,0,0,0,0,1,500,1,51,4,3,3,4,4,1.833333333,3,3,3,4,3,4,4,3,4,0
2194,22500,45000,90000,0,0,0,1,0,1,1,0,580,1,52,5,4,2,5,5,1,1,4,4,5,2,5,5,5,1,1
2195,40000,80000,160000,0,1,0,0,0,0,0,1,870,0,25,5,4,5,5,4,1.5,4,3,4,4,4,5,3,4,4,0
2196,40000,80000,160000,0,0,0,1,1,0,1,0,380,1,57,4,4,4,3,4,1.333333333,4,4,2,5,5,5,4,4,2,0
2197,40000,80000,160000,0,0,0,1,1,0,1,0,600,1,37,4,4,4,4,4,1.5,4,3,3,5,4,5,5,5,3,0
2198,6000,12000,24000,0,0,0,1,0,1,1,0,490,1,45,4,4,4,4,2,1,2,4,4,5,4,4,4,4,2,1
2199,40000,80000,160000,0,0,0,1,1,0,1,0,650,0,34,5,4,5,3,3,1.333333333,4,3,4,5,4,5,5,4,5,1
2200,40000,80000,160000,0,0,0,1,1,0,1,0,390,0,56,5,4,5,5,4,1,3,4,4,4,4,5,4,4,4,1
2201,6000,12000,24000,0,1,0,0,0,0,0,1,470,1,43,4,4,4,5,4,1.5,4,3,4,5,3,4,5,4,4,0
2202,6000,12000,24000,1,0,0,0,0,0,0,1,3000,0,34,5,3,2,4,2,1.5,1,4,1,4,3,4,4,4,3,0
2203,22500,45000,90000,1,0,0,0,0,0,0,1,600,0,45,4,3,4,4,4,1.833333333,4,3,4,3,2,4,3,3,4,0
2204,6000,12000,24000,0,0,0,1,0,1,1,0,240,1,41,4,4,4,4,3,1.166666667,4,4,3,5,4,4,3,4,4,1
2205,3500,7000,14000,1,0,0,0,0,0,0,1,270,0,52,4,4,4,5,4,2,4,3,3,5,4,4,4,5,1,0
2206,22500,45000,90000,0,0,0,1,0,1,1,0,390,0,40,3,3,3,3,3,1.333333333,3,2,3,3,3,4,3,3,3,0
2207,40000,80000,160000,0,0,0,1,0,1,1,0,390,1,39,3,4,3,3,4,1.333333333,3,3,3,3,4,3,3,4,3,0
2208,6000,12000,24000,0,1,0,0,0,0,0,1,450,0,43,4,4,4,4,3,2,4,3,4,4,3,3,3,4,3,0
2209,11500,23000,46000,0,0,0,1,0,1,1,0,500,0,56,5,5,5,5,5,1.833333333,1,4,5,5,5,5,5,5,3,0
2210,40000,80000,160000,0,1,0,0,0,0,0,1,480,0,56,5,4,4,4,4,1,4,4,4,4,4,5,3,4,4,0
2211,11500,23000,46000,0,1,0,0,0,0,0,1,300,1,44,4,4,3,4,3,2,3,3,4,4,4,4,4,4,3,1
2212,11500,23000,46000,1,0,0,0,0,0,0,1,290,1,34,3,3,4,3,3,1.666666667,3,3,3,3,3,4,3,3,3,0
2213,6000,12000,24000,1,0,0,0,0,0,0,1,350,1,46,4,5,5,5,5,1.5,4,3,4,5,4,4,3,4,4,0
2214,11500,23000,46000,1,0,0,0,0,0,0,1,350,0,36,4,4,3,4,5,1.333333333,4,4,4,4,4,3,4,3,4,1
2215,11500,23000,46000,1,0,0,0,0,0,0,1,600,0,41,4,4,4,5,4,1.666666667,3,4,4,4,4,5,4,4,3,0
2216,40000,80000,160000,0,0,0,1,0,1,1,0,650,0,46,4,4,3,5,4,1,3,3,3,4,3,4,4,3,4,0
2217,22500,45000,90000,0,0,0,1,0,1,1,0,180,1,25,4,4,4,5,5,1.5,2,4,3,5,4,4,5,5,4,1
2218,40000,80000,160000,0,1,0,0,0,0,0,1,800,0,53,3,3,3,5,4,2,3,3,3,3,4,4,4,4,3,0
2219,40000,80000,160000,0,0,0,1,0,1,1,0,800,0,44,4,3,4,3,4,1.833333333,4,3,4,4,4,4,4,4,4,0
2220,40000,80000,160000,0,0,0,1,0,1,1,0,330,1,38,4,3,3,5,4,1.5,4,4,3,4,4,4,4,4,3,0
2221,40000,80000,160000,0,0,0,1,1,0,1,0,520,1,29,5,4,5,5,4,1.666666667,4,2,4,4,4,5,4,4,4,0
2222,11500,23000,46000,1,0,0,0,0,0,0,1,800,0,51,4,5,5,5,5,1.5,3,4,3,5,5,5,5,5,5,0
2223,40000,80000,160000,0,0,1,0,0,0,1,0,450,1,53,5,5,3,4,2,1.333333333,4,4,4,5,2,5,4,5,2,1
2224,22500,45000,90000,0,1,0,0,0,0,0,1,570,0,47,3,3,3,3,3,2,2,4,3,4,3,3,3,3,3,0
2225,6000,12000,24000,0,1,0,0,0,0,0,1,470,1,40,4,4,4,3,3,1.333333333,4,4,4,4,4,3,4,5,4,1
2226,40000,80000,160000,0,0,0,1,1,0,1,0,300,0,45,4,4,4,5,4,1.333333333,1,4,3,5,3,4,4,4,3,0
2227,6000,12000,24000,0,0,0,1,0,1,1,0,650,1,48,5,4,3,4,3,1,4,3,3,3,3,3,3,4,2,0
2228,40000,80000,160000,0,0,1,0,0,0,1,0,670,1,27,4,4,4,4,3,1.5,3,4,4,4,3,3,4,4,3,0
2229,22500,45000,90000,0,0,0,1,0,1,1,0,850,0,57,4,4,3,4,4,1.666666667,3,4,4,4,3,4,4,4,3,0
2230,3500,7000,14000,1,0,0,0,0,0,0,1,570,0,51,5,5,4,4,5,1.5,2,4,4,5,3,4,4,4,3,0
2231,3500,7000,14000,1,0,0,0,0,0,0,1,340,0,31,4,4,5,5,5,1.166666667,4,4,4,4,5,4,5,4,3,0
2232,6000,12000,24000,0,1,0,0,0,0,0,1,300,1,50,5,5,5,5,3,1.166666667,3,4,4,4,3,4,4,5,3,1
2233,40000,80000,160000,1,0,0,0,0,0,0,1,860,0,46,4,4,4,4,4,1.5,3,3,3,4,4,4,4,4,2,0
2235,6000,12000,24000,0,1,0,0,0,0,0,1,310,1,32,3,4,3,3,3,1.5,3,3,4,3,3,2,3,3,3,0
2236,40000,80000,160000,0,0,1,0,0,0,1,0,300,0,50,5,5,5,5,5,1,5,3,4,4,4,4,4,4,4,1
2237,40000,80000,160000,0,0,0,1,0,1,1,0,520,1,35,5,5,5,5,5,1,4,3,5,5,5,5,5,5,3,0
2238,40000,80000,160000,1,0,0,0,0,0,0,1,650,0,50,4,4,4,4,4,1.166666667,2,4,2,3,3,4,4,4,4,1
2239,22500,45000,90000,0,0,0,1,0,1,1,0,350,1,41,4,4,4,3,3,1,4,3,3,4,3,3,3,4,3,1
2240,3500,7000,14000,1,0,0,0,0,0,0,1,510,1,54,5,5,5,5,4,1.166666667,3,3,4,5,3,5,5,4,3,0
2241,6000,12000,24000,1,0,0,0,0,0,0,1,590,0,57,4,4,4,5,4,1.333333333,4,3,4,4,3,4,4,4,3,1
2242,40000,80000,160000,0,0,0,1,0,1,1,0,650,1,54,4,4,4,5,4,1.166666667,3,4,3,4,5,5,5,5,3,0
2243,3500,7000,14000,0,1,0,0,0,0,0,1,870,1,61,5,5,5,5,5,1,3,3,5,5,5,5,5,5,4,1
2244,6000,12000,24000,0,1,0,0,0,0,0,1,290,1,49,3,3,4,3,4,1.333333333,3,3,3,4,4,4,3,3,4,1
2245,3500,7000,14000,1,0,0,0,0,0,0,1,400,1,58,2,3,2,3,2,1.666666667,2,3,2,5,3,4,4,3,3,0
2246,6000,12000,24000,0,0,0,1,0,1,1,0,850,1,44,4,3,4,4,3,1,4,3,3,3,3,2,3,3,3,0
2247,22500,45000,90000,0,0,0,1,0,1,1,0,200,1,47,3,4,4,4,4,2,3,3,3,3,4,4,4,4,2,1
2248,3500,7000,14000,0,1,0,0,0,0,0,1,160,1,53,4,4,4,4,3,1,4,3,3,4,4,4,3,3,4,0
2249,6000,12000,24000,0,0,0,1,0,1,1,0,320,1,45,5,5,5,4,4,1.666666667,3,2,4,4,4,4,4,5,3,1
2250,11500,23000,46000,1,0,0,0,0,0,0,1,1580,1,49,4,4,4,5,5,1.166666667,4,4,4,5,5,5,4,5,2,0
2251,22500,45000,90000,1,0,0,0,0,0,0,1,450,1,58,4,4,4,5,4,1,3,3,4,4,4,5,5,4,3,1
2252,3500,7000,14000,1,0,0,0,0,0,0,1,450,1,47,4,4,3,4,4,1.333333333,3,3,4,5,4,4,4,4,4,0
2253,3500,7000,14000,0,0,1,0,0,0,1,0,870,1,53,4,3,3,5,4,1.333333333,3,4,3,5,4,3,4,4,3,0
2254,11500,23000,46000,0,0,1,0,0,0,1,0,500,0,33,4,4,3,4,3,2,4,3,3,4,3,4,4,4,3,0
2255,6000,12000,24000,0,0,0,1,0,1,1,0,550,0,44,4,4,4,5,4,1.333333333,4,3,3,5,3,4,3,4,3,0
2256,6000,12000,24000,0,0,1,0,0,0,1,0,480,1,51,4,5,4,5,4,1.833333333,5,2,4,5,5,5,4,5,2,0
2257,22500,45000,90000,0,1,0,0,0,0,0,1,590,1,60,5,4,4,5,4,1.333333333,5,3,4,5,5,4,4,5,4,1
2258,6000,12000,24000,0,1,0,0,0,0,0,1,210,0,22,5,5,5,5,5,1.333333333,4,3,3,4,3,5,4,3,3,1
2259,40000,80000,160000,0,0,0,1,0,1,1,0,210,0,45,4,3,3,4,4,1.5,3,3,4,5,4,4,5,4,3,0
2260,3500,7000,14000,1,0,0,0,0,0,0,1,470,1,46,4,4,4,4,4,1.666666667,4,3,4,4,3,4,3,3,2,1
2261,22500,45000,90000,0,0,0,1,0,1,1,0,290,1,37,5,4,4,3,4,2,2,2,3,3,3,4,3,3,3,0
2262,6000,12000,24000,0,1,0,0,0,0,0,1,450,0,31,4,4,3,3,4,1.833333333,3,4,3,3,4,3,3,4,3,0
2263,6000,12000,24000,1,0,0,0,0,0,0,1,350,1,55,4,4,3,4,3,1,5,3,4,5,4,5,4,5,4,0
2264,3500,7000,14000,0,0,0,1,0,1,1,0,550,1,57,4,5,4,5,5,1.166666667,4,3,4,5,5,4,5,5,2,0
2265,3500,7000,14000,1,0,0,0,0,0,0,1,280,1,39,4,4,3,5,5,1.666666667,4,3,3,4,3,4,4,5,2,1
2266,40000,80000,160000,0,0,0,1,0,1,1,0,450,0,43,4,4,4,4,4,2,3,3,3,4,4,4,4,4,4,0
2267,3500,7000,14000,1,0,0,0,0,0,0,1,280,0,39,4,5,4,4,4,1.333333333,4,3,4,5,5,5,5,5,3,0
2268,6000,12000,24000,1,0,0,0,0,0,0,1,810,0,46,4,4,4,4,4,1.666666667,2,4,3,5,4,4,4,2,3,0
2269,40000,80000,160000,0,1,0,0,0,0,0,1,330,0,59,4,5,5,5,5,2,4,4,5,5,5,5,5,5,4,0
2270,40000,80000,160000,1,0,0,0,0,0,0,1,550,0,65,4,3,3,5,5,1.333333333,3,3,4,5,5,4,4,5,2,0
2271,11500,23000,46000,0,0,0,1,0,1,1,0,800,1,60,1,4,3,3,2,2,1,2,2,1,3,4,2,3,2,0
2272,40000,80000,160000,0,0,0,1,0,1,1,0,450,0,35,4,5,4,5,5,1.5,2,4,4,3,5,5,5,5,4,0
2273,22500,45000,90000,0,0,0,1,0,1,1,0,350,0,42,3,4,4,4,4,2,2,3,3,3,3,3,3,3,3,0
2274,40000,80000,160000,1,0,0,0,0,0,0,1,430,1,48,5,4,4,5,5,1.333333333,4,3,3,3,3,4,4,4,3,0
2275,3500,7000,14000,0,0,0,1,0,1,1,0,230,1,32,5,4,4,5,5,1.666666667,2,3,3,5,3,5,5,4,3,0
2276,40000,80000,160000,0,0,0,1,0,1,1,0,450,1,50,2,4,3,4,3,1,3,3,3,3,4,3,3,3,4,0
2277,6000,12000,24000,1,0,0,0,0,0,0,1,150,1,26,3,3,2,4,5,1.333333333,4,3,4,3,3,2,4,3,3,1
2278,40000,80000,160000,0,0,0,1,0,1,1,0,480,1,27,4,4,4,4,3,1.666666667,2,5,2,5,3,4,5,5,3,0
2279,6000,12000,24000,0,0,0,1,0,1,1,0,580,1,44,3,4,4,4,4,2,2,4,3,4,4,4,4,4,3,0
2280,3500,7000,14000,1,0,0,0,0,0,0,1,650,0,34,4,4,3,4,3,1.833333333,4,4,4,4,4,3,3,4,3,0
2281,40000,80000,160000,0,0,0,1,0,1,1,0,450,1,47,4,4,4,4,5,1.833333333,3,3,3,4,4,4,5,4,3,1
2282,40000,80000,160000,0,1,0,0,0,0,0,1,540,1,38,4,3,3,4,4,1.666666667,3,3,3,5,4,5,5,5,2,0
2283,6000,12000,24000,0,0,0,1,0,1,1,0,450,0,48,4,4,4,5,5,1.5,1,3,4,4,5,5,5,5,3,0
2284,3500,7000,14000,1,0,0,0,0,0,0,1,520,0,34,4,4,4,4,4,1.666666667,2,3,3,4,4,4,4,4,3,0
2285,6000,12000,24000,1,0,0,0,0,0,0,1,250,1,57,4,5,4,5,5,1,2,3,4,5,3,5,5,4,3,0
2286,22500,45000,90000,1,0,0,0,0,0,0,1,300,1,47,4,4,4,4,4,1.666666667,3,4,4,4,5,5,5,4,4,0
2287,3500,7000,14000,0,0,0,1,0,1,1,0,250,0,45,5,5,5,5,5,1.333333333,3,3,4,4,5,5,5,5,3,0
2288,22500,45000,90000,0,1,0,0,0,0,0,1,670,1,48,5,4,4,5,5,1.166666667,5,4,4,4,4,4,5,5,4,1
2289,3500,7000,14000,1,0,0,0,0,0,0,1,450,1,50,4,4,4,4,5,1.333333333,3,4,4,5,4,5,4,4,4,0
2290,40000,80000,160000,0,0,1,0,0,0,1,0,860,0,31,5,5,5,5,5,1.5,4,4,4,5,5,5,5,5,3,0
2291,11500,23000,46000,0,1,0,0,0,0,0,1,600,0,40,5,4,5,4,5,1,5,5,5,5,5,5,5,4,5,1
2292,40000,80000,160000,1,0,0,0,0,0,0,1,230,0,51,5,5,5,5,5,1.333333333,4,3,5,5,5,5,5,5,3,0
2293,22500,45000,90000,0,0,1,0,0,0,1,0,550,1,35,4,4,5,4,4,1.166666667,4,3,4,4,4,4,5,4,4,1
2294,11500,23000,46000,1,0,0,0,0,0,0,1,630,0,49,5,4,4,5,4,1.166666667,4,3,5,5,3,5,4,4,4,0
2295,6000,12000,24000,1,0,0,0,0,0,0,1,550,1,33,4,4,4,4,4,1.833333333,2,3,2,5,5,5,5,5,3,0
2296,3500,7000,14000,1,0,0,0,0,0,0,1,800,0,35,4,3,3,5,5,1.666666667,4,3,3,5,4,5,5,5,2,0
2297,40000,80000,160000,0,0,0,1,0,1,1,0,550,1,47,4,4,5,4,5,1.666666667,3,3,3,3,2,3,3,4,3,0
2298,22500,45000,90000,0,0,1,0,0,0,1,0,250,1,29,4,4,3,4,3,1.5,3,3,3,3,4,3,3,4,3,0
2299,3500,7000,14000,0,0,0,1,0,1,1,0,350,0,38,4,3,3,4,3,1.166666667,4,4,4,4,3,4,4,4,3,1
2300,3500,7000,14000,1,0,0,0,0,0,0,1,600,1,29,4,3,3,5,5,1.5,2,3,4,5,4,5,5,4,3,0
2301,6000,12000,24000,1,0,0,0,0,0,0,1,840,1,54,4,4,4,5,4,1.333333333,4,4,4,4,4,5,5,4,4,0
2302,40000,80000,160000,0,0,1,0,0,0,1,0,250,1,33,4,4,4,4,5,1.5,4,2,4,4,4,5,4,4,3,0
2303,22500,45000,90000,0,1,0,0,0,0,0,1,490,0,36,3,2,2,4,4,1.666666667,3,4,2,5,4,5,5,5,3,1
2304,11500,23000,46000,0,0,0,1,0,1,1,0,650,1,30,4,5,4,4,5,1,4,4,4,4,5,5,4,4,4,0
2305,3500,7000,14000,1,0,0,0,0,0,0,1,150,0,48,4,4,4,5,5,1.166666667,2,4,4,5,4,4,4,5,3,0
2306,6000,12000,24000,0,1,0,0,0,0,0,1,650,1,36,5,3,3,4,3,1.666666667,2,3,3,3,4,4,5,4,3,0
2307,3500,7000,14000,0,0,0,1,0,1,1,0,550,0,45,5,5,5,5,4,1,4,4,4,4,5,5,5,4,4,0
2308,11500,23000,46000,0,0,0,1,0,1,1,0,500,0,49,4,4,3,4,4,1.666666667,4,3,2,4,4,4,4,4,3,0
2309,40000,80000,160000,0,0,0,1,1,0,1,0,290,0,56,5,4,4,4,4,1.666666667,2,3,2,5,4,4,3,5,3,0
2310,40000,80000,160000,0,0,0,1,0,1,1,0,320,1,39,4,4,3,4,3,1.833333333,4,3,3,4,4,5,5,4,3,0
2311,3500,7000,14000,0,0,0,1,0,1,1,0,280,1,55,4,4,4,3,3,1.333333333,2,3,3,4,4,3,3,4,4,0
2312,40000,80000,160000,0,1,0,0,0,0,0,1,370,1,43,5,2,2,5,4,1,2,4,4,5,5,5,5,5,4,0
2313,6000,12000,24000,0,0,1,0,0,0,1,0,810,1,29,4,4,3,5,4,1.333333333,2,4,4,4,5,4,4,5,3,1
2314,3500,7000,14000,1,0,0,0,0,0,0,1,350,0,43,4,4,3,4,4,1.666666667,2,4,3,5,4,4,5,4,4,1
2315,40000,80000,160000,0,0,0,1,0,1,1,0,850,0,53,5,4,4,5,5,1.833333333,4,4,4,4,4,4,4,4,3,1
2316,40000,80000,160000,0,0,0,1,0,1,1,0,230,0,28,5,5,5,5,5,1.5,5,2,5,5,4,4,4,4,2,0
2317,6000,12000,24000,1,0,0,0,0,0,0,1,380,1,58,4,4,4,4,4,1.5,2,4,3,3,3,4,4,3,4,1
2318,3500,7000,14000,1,0,0,0,0,0,0,1,310,1,45,4,5,4,5,5,1.833333333,2,4,3,5,3,4,4,4,3,0
2319,22500,45000,90000,0,0,0,1,1,0,1,0,460,1,53,4,4,3,4,3,1.333333333,2,3,4,4,3,4,4,4,4,0
2320,40000,80000,160000,0,1,0,0,0,0,0,1,410,1,41,3,3,3,5,4,1.5,2,4,3,4,4,4,4,5,1,0
2321,11500,23000,46000,0,0,0,1,0,1,1,0,850,0,45,5,5,4,4,5,1.833333333,3,1,4,5,5,5,4,5,2,0
2322,6000,12000,24000,0,1,0,0,0,0,0,1,240,1,44,4,4,4,5,4,1.666666667,3,4,3,4,4,5,5,5,3,0
2323,22500,45000,90000,0,0,0,1,0,1,1,0,210,1,25,4,4,4,4,3,2,2,2,3,4,4,4,4,4,2,0
2324,40000,80000,160000,0,0,0,1,0,1,1,0,230,0,29,3,3,3,4,3,2,1,3,3,3,3,3,3,3,3,0
2325,40000,80000,160000,0,0,0,1,0,1,1,0,400,1,24,4,3,3,4,4,1.833333333,2,3,3,4,4,3,3,4,3,0
2326,40000,80000,160000,1,0,0,0,0,0,0,1,500,1,47,5,5,4,5,5,1.166666667,1,5,5,5,5,5,4,5,5,0
2327,40000,80000,160000,0,0,0,1,0,1,1,0,150,0,54,4,4,4,5,5,2,4,3,4,5,5,5,5,5,2,0
2328,22500,45000,90000,1,0,0,0,0,0,0,1,450,1,44,4,3,3,4,4,1.833333333,3,4,4,4,4,4,4,4,4,0
2329,3500,7000,14000,1,0,0,0,0,0,0,1,1700,1,31,4,3,2,5,5,2,2,5,4,3,3,5,5,5,3,0
2330,11500,23000,46000,0,0,1,0,0,0,1,0,550,0,60,4,3,2,3,3,1.5,3,3,3,4,4,3,3,5,2,0
2331,11500,23000,46000,0,0,0,1,1,0,1,0,160,0,43,4,5,4,4,4,1.833333333,2,4,3,4,4,4,4,4,4,0
2332,3500,7000,14000,0,0,1,0,0,0,1,0,680,0,36,3,3,4,4,3,1.333333333,3,4,4,3,4,3,2,4,4,0
2333,40000,80000,160000,0,0,0,1,0,1,1,0,480,1,34,4,3,3,5,3,1.833333333,3,3,3,5,4,5,4,4,4,0
2335,3500,7000,14000,0,0,0,1,0,1,1,0,400,0,56,4,4,4,5,5,1.666666667,3,4,4,4,4,5,5,5,3,0
2336,40000,80000,160000,0,1,0,0,0,0,0,1,230,1,42,3,3,3,4,5,1.166666667,4,3,4,4,3,3,3,4,3,1
2337,6000,12000,24000,0,0,0,1,0,1,1,0,850,1,40,4,4,3,5,4,1.333333333,4,3,4,5,5,5,5,4,1,0
2338,11500,23000,46000,0,0,0,1,0,1,1,0,350,0,34,4,4,3,4,4,2,4,3,2,3,4,4,4,4,2,0
2339,40000,80000,160000,1,0,0,0,0,0,0,1,380,0,35,3,3,3,3,3,2,3,3,3,3,4,4,4,4,3,0
2340,3500,7000,14000,1,0,0,0,0,0,0,1,380,1,39,5,5,4,4,5,1.333333333,3,3,4,5,4,5,5,5,3,1
2341,22500,45000,90000,0,0,0,1,0,1,1,0,380,1,35,3,2,4,2,3,1.5,3,2,4,3,2,3,4,3,3,0
2342,40000,80000,160000,1,0,0,0,0,0,0,1,1000,0,56,4,5,5,4,4,1.5,4,4,4,4,5,5,4,4,4,1
2343,40000,80000,160000,0,0,0,1,0,1,1,0,480,1,58,4,4,4,4,5,1.166666667,4,4,4,5,4,4,4,4,4,1
2344,3500,7000,14000,0,0,0,1,1,0,1,0,240,0,33,3,2,2,5,5,2,2,3,3,4,4,4,5,5,3,0
2345,40000,80000,160000,0,0,0,1,0,1,1,0,350,0,29,4,4,4,5,5,2,3,3,3,3,4,3,4,4,3,0
2346,11500,23000,46000,0,0,0,1,0,1,1,0,450,0,43,4,4,4,4,4,1.5,2,2,4,5,4,4,4,4,1,0
2347,3500,7000,14000,1,0,0,0,0,0,0,1,350,0,42,4,4,4,5,5,1.666666667,4,3,4,5,5,5,5,5,3,1
2348,3500,7000,14000,1,0,0,0,0,0,0,1,480,1,38,5,5,4,3,3,1.166666667,4,4,4,4,4,3,3,5,4,0
2349,11500,23000,46000,0,0,0,1,0,1,1,0,530,0,54,5,5,5,5,5,1.166666667,4,4,4,5,5,5,5,5,3,0
2350,40000,80000,160000,0,0,0,1,0,1,1,0,150,1,36,4,5,5,5,5,1,4,4,3,4,4,4,4,4,3,0
2351,6000,12000,24000,1,0,0,0,0,0,0,1,310,0,36,4,5,4,5,4,1.666666667,2,4,4,5,4,4,4,5,2,0
2352,6000,12000,24000,1,0,0,0,0,0,0,1,590,0,45,5,5,4,5,5,1.166666667,2,4,5,5,4,5,5,5,5,0
2353,11500,23000,46000,0,1,0,0,0,0,0,1,500,0,34,4,3,4,4,4,1.666666667,2,4,4,4,3,4,4,4,3,0
2354,3500,7000,14000,0,0,0,1,0,1,1,0,220,0,32,3,3,3,3,3,1.666666667,2,4,4,4,2,3,2,4,4,0
2355,3500,7000,14000,0,0,0,1,1,0,1,0,570,0,40,4,5,5,5,4,2,2,4,3,4,4,4,4,4,3,0
2356,40000,80000,160000,0,0,0,1,0,1,1,0,400,0,51,5,5,5,5,5,1.166666667,2,3,4,4,4,5,4,5,3,0
2357,11500,23000,46000,0,0,0,1,0,1,1,0,250,1,44,3,4,4,4,5,1.166666667,4,3,3,4,4,4,4,4,2,1
2358,6000,12000,24000,0,1,0,0,0,0,0,1,600,1,62,4,4,4,4,4,1.5,3,3,4,4,4,4,4,4,2,0
2359,22500,45000,90000,0,0,0,1,0,1,1,0,150,0,35,3,3,2,3,4,1.5,3,3,3,4,3,4,2,3,3,1
2360,22500,45000,90000,0,0,0,1,0,1,1,0,650,0,29,4,4,5,4,4,2,2,3,2,4,4,3,4,4,3,0
2361,11500,23000,46000,0,0,0,1,0,1,1,0,830,0,59,5,5,5,4,4,1,2,5,4,5,2,2,4,4,4,1
2362,40000,80000,160000,0,0,0,1,1,0,1,0,370,1,56,5,5,4,4,5,1.666666667,3,3,4,5,4,4,4,4,3,0
2363,6000,12000,24000,0,0,0,1,0,1,1,0,630,1,55,3,3,3,4,4,1.166666667,2,3,3,3,3,3,4,3,3,1
2364,40000,80000,160000,0,0,0,1,1,0,1,0,550,0,43,5,4,4,5,4,1,4,3,4,4,4,4,4,4,2,0
2365,3500,7000,14000,0,1,0,0,0,0,0,1,1200,1,35,4,4,4,5,5,1.333333333,3,3,4,4,3,4,4,3,4,1
2366,3500,7000,14000,0,0,1,0,0,0,1,0,560,0,39,4,5,5,5,4,1.333333333,3,4,3,5,4,4,4,5,4,1
2367,11500,23000,46000,0,0,1,0,0,0,1,0,400,0,21,5,5,3,4,3,1.166666667,4,3,4,4,3,4,5,4,2,0
2368,11500,23000,46000,1,0,0,0,0,0,0,1,490,0,29,4,4,4,4,4,1.666666667,4,3,4,4,4,4,4,4,3,0
2369,40000,80000,160000,0,0,0,1,0,1,1,0,390,1,43,4,4,3,4,4,1.166666667,3,4,4,4,4,5,4,4,4,0
2370,11500,23000,46000,0,0,0,1,0,1,1,0,420,0,38,4,4,4,5,4,2,3,3,4,5,5,5,5,5,3,0
2371,22500,45000,90000,0,0,0,1,0,1,1,0,140,1,36,4,4,5,4,5,1,3,3,4,4,4,4,4,5,4,1
2372,11500,23000,46000,0,0,0,1,1,0,1,0,380,0,28,4,4,5,4,4,1,3,4,4,4,4,5,4,5,4,0
2373,6000,12000,24000,0,0,1,0,0,0,1,0,820,0,38,3,3,4,3,4,1.5,3,3,3,3,2,3,4,4,3,0
2374,3500,7000,14000,1,0,0,0,0,0,0,1,650,1,61,5,4,4,5,4,1,4,5,4,5,5,5,5,5,4,1
2375,6000,12000,24000,1,0,0,0,0,0,0,1,1090,0,51,5,4,4,5,5,1.333333333,3,4,4,5,4,5,5,5,4,1
2376,11500,23000,46000,1,0,0,0,0,0,0,1,450,0,42,3,3,4,4,3,1,3,4,4,3,2,3,3,3,3,1
2377,22500,45000,90000,0,0,0,1,1,0,1,0,520,1,54,4,4,4,5,5,1.166666667,2,4,4,4,4,4,5,5,4,0
2378,40000,80000,160000,1,0,0,0,0,0,0,1,450,0,53,4,4,4,4,5,1.333333333,3,3,4,5,4,4,4,4,4,0
2379,22500,45000,90000,0,1,0,0,0,0,0,1,180,1,32,3,4,4,4,4,2,4,3,3,4,3,3,3,3,3,0
2380,3500,7000,14000,0,1,0,0,0,0,0,1,500,1,46,4,4,4,4,5,1.833333333,3,2,3,4,4,4,4,4,3,0
2381,6000,12000,24000,0,0,0,1,0,1,1,0,410,1,57,4,3,3,4,4,1.333333333,2,4,3,4,4,4,5,4,3,0
2382,3500,7000,14000,0,0,0,1,0,1,1,0,150,0,22,4,3,4,4,4,2,3,2,3,5,3,3,3,3,3,0
2383,3500,7000,14000,0,0,1,0,0,0,1,0,350,1,42,4,4,4,5,5,2,2,4,3,4,4,4,4,4,2,0
2384,3500,7000,14000,0,0,1,0,0,0,1,0,430,0,29,4,4,4,5,4,2,4,3,4,5,4,4,4,5,3,0
2385,6000,12000,24000,1,0,0,0,0,0,0,1,480,0,35,4,3,3,5,4,1.333333333,4,3,3,5,4,5,4,3,4,0
2386,22500,45000,90000,1,0,0,0,0,0,0,1,220,0,25,4,4,4,4,4,1.166666667,4,2,4,4,4,3,4,4,4,0
2387,6000,12000,24000,0,0,0,1,0,1,1,0,230,0,61,4,4,4,5,5,1.833333333,3,3,4,4,5,5,5,5,4,0
2388,11500,23000,46000,1,0,0,0,0,0,0,1,270,0,36,3,4,4,5,4,1.833333333,1,3,2,4,5,4,5,4,2,1
2389,40000,80000,160000,0,0,0,1,0,1,1,0,350,1,53,5,5,3,3,4,1.833333333,3,4,2,4,3,4,3,5,2,0
2390,6000,12000,24000,1,0,0,0,0,0,0,1,520,0,41,4,4,3,4,4,1.5,4,3,5,4,4,4,5,4,2,0
2391,11500,23000,46000,1,0,0,0,0,0,0,1,4440,1,42,4,5,5,4,4,1.333333333,4,4,4,4,3,3,4,5,4,0
2392,6000,12000,24000,1,0,0,0,0,0,0,1,410,1,49,4,5,5,5,5,1.5,3,4,4,5,5,5,5,5,3,0
2393,11500,23000,46000,1,0,0,0,0,0,0,1,390,0,28,5,5,4,5,5,1.166666667,5,2,5,5,4,5,3,5,5,1
2394,22500,45000,90000,0,0,0,1,0,1,1,0,450,1,44,4,3,4,5,4,1.5,3,4,3,4,3,4,4,4,3,0
2395,3500,7000,14000,0,0,1,0,0,0,1,0,240,0,50,4,4,5,5,5,1.5,4,4,4,4,5,4,3,4,4,0
2396,22500,45000,90000,0,1,0,0,0,0,0,1,250,0,36,5,5,4,5,5,1,4,3,5,5,5,5,4,5,2,1
2397,22500,45000,90000,0,1,0,0,0,0,0,1,350,1,46,4,5,4,5,5,1.833333333,4,3,4,4,4,5,5,5,1,0
2398,11500,23000,46000,0,0,1,0,0,0,1,0,230,0,26,5,2,2,2,2,1.833333333,2,5,1,5,4,5,5,5,2,0
2399,22500,45000,90000,1,0,0,0,0,0,0,1,320,0,27,5,4,5,4,4,1,4,2,4,5,4,5,5,5,4,1
2400,40000,80000,160000,0,0,0,1,0,1,1,0,850,1,31,4,4,4,4,4,1.833333333,4,4,3,5,3,3,3,3,2,0
2401,40000,80000,160000,0,0,1,0,0,0,1,0,450,0,42,4,4,4,5,5,1.666666667,4,3,4,4,4,4,5,4,4,0
2402,40000,80000,160000,0,0,0,1,0,1,1,0,800,1,45,4,4,4,3,4,2,4,4,4,4,4,4,4,4,4,1
2403,22500,45000,90000,0,0,1,0,0,0,1,0,480,1,40,4,4,4,5,4,1.166666667,3,4,4,5,4,5,5,4,3,0
2404,22500,45000,90000,0,0,1,0,0,0,1,0,390,0,42,4,4,4,5,4,2,3,3,4,4,4,4,5,5,3,0
2405,22500,45000,90000,0,0,1,0,0,0,1,0,500,1,28,5,4,3,5,4,1.666666667,5,2,4,5,2,5,5,5,4,1
2406,40000,80000,160000,0,0,0,1,0,1,1,0,230,1,41,4,4,4,3,4,2,4,3,4,4,4,4,3,3,4,1
2407,22500,45000,90000,0,0,1,0,0,0,1,0,850,1,52,4,5,4,5,5,1.333333333,2,3,3,4,4,4,5,5,2,0
2408,22500,45000,90000,1,0,0,0,0,0,0,1,120,0,24,4,4,3,4,5,2,4,3,2,5,5,4,5,5,3,0
2409,22500,45000,90000,0,0,0,1,0,1,1,0,220,0,38,4,4,4,5,5,1.166666667,4,4,4,4,4,3,3,4,4,1
2410,11500,23000,46000,1,0,0,0,0,0,0,1,450,0,35,3,4,4,4,5,2,4,3,3,5,5,5,5,5,3,0
2411,3500,7000,14000,1,0,0,0,0,0,0,1,450,0,34,4,5,5,5,5,2,4,3,3,5,5,5,5,5,3,0
2412,11500,23000,46000,0,0,0,1,0,1,1,0,350,1,39,3,4,4,4,3,1.833333333,3,4,3,4,4,4,4,4,3,0
2413,22500,45000,90000,1,0,0,0,0,0,0,1,130,1,26,4,4,4,4,4,1.166666667,2,4,4,5,4,4,4,4,3,0
2414,11500,23000,46000,0,1,0,0,0,0,0,1,100,0,27,3,4,4,4,3,1.833333333,2,4,2,5,3,4,4,4,2,0
2415,11500,23000,46000,0,0,0,1,0,1,1,0,850,1,34,5,4,4,4,5,1,4,4,5,5,3,4,5,4,4,0
2416,40000,80000,160000,0,0,1,0,0,0,1,0,500,0,36,4,5,5,5,5,1.666666667,4,4,2,5,5,5,5,5,2,0
2417,22500,45000,90000,0,0,0,1,0,1,1,0,600,0,53,3,3,3,4,4,2,2,4,3,5,3,4,4,4,3,0
2418,3500,7000,14000,0,0,0,1,0,1,1,0,1250,1,49,3,4,4,4,3,1.333333333,3,3,3,4,4,4,4,3,4,0
2419,22500,45000,90000,1,0,0,0,0,0,0,1,390,0,36,4,4,4,4,4,1.666666667,4,4,3,5,5,5,5,5,3,0
2420,6000,12000,24000,0,1,0,0,0,0,0,1,200,0,31,4,4,4,5,5,1.833333333,5,3,2,5,4,5,5,5,2,0
2421,6000,12000,24000,0,0,0,1,0,1,1,0,600,0,32,3,5,5,5,5,2,3,3,3,3,4,4,4,4,3,0
2422,3500,7000,14000,0,0,0,1,1,0,1,0,430,0,23,4,3,4,3,3,1,4,4,4,4,4,4,4,4,4,1
2423,11500,23000,46000,0,0,0,1,0,1,1,0,650,1,28,5,5,4,4,4,1.5,5,4,4,5,3,3,4,5,5,0
2424,3500,7000,14000,1,0,0,0,0,0,0,1,270,0,23,5,3,3,5,5,1.666666667,3,3,4,5,4,4,5,3,3,0
2426,3500,7000,14000,0,0,0,1,0,1,1,0,490,1,35,4,4,4,4,3,1.166666667,3,4,4,4,4,4,4,4,4,0
2427,40000,80000,160000,0,0,0,1,1,0,1,0,800,0,32,3,3,3,4,3,1.833333333,4,3,2,4,3,4,4,4,2,0
2428,6000,12000,24000,0,1,0,0,0,0,0,1,650,1,60,3,3,3,5,4,1.333333333,2,4,2,5,5,4,4,5,3,0
2429,3500,7000,14000,0,0,1,0,0,0,1,0,810,1,31,5,3,3,5,4,1.833333333,2,4,2,5,4,3,4,4,2,1
2430,3500,7000,14000,1,0,0,0,0,0,0,1,290,0,36,4,5,5,4,5,1.166666667,2,3,3,4,4,5,5,4,3,0
2431,22500,45000,90000,0,0,1,0,0,0,1,0,320,1,30,4,3,2,4,4,1.5,2,3,3,4,4,4,3,5,2,0
2432,6000,12000,24000,0,0,0,1,0,1,1,0,180,0,62,4,4,3,4,4,1.5,3,3,3,3,3,3,4,4,3,0
2434,11500,23000,46000,0,0,1,0,0,0,1,0,480,0,49,3,3,3,5,4,1.333333333,3,3,3,5,4,5,5,4,3,0
2435,22500,45000,90000,0,1,0,0,0,0,0,1,210,0,34,5,3,3,5,5,1.333333333,2,3,3,4,4,4,4,4,3,0
2436,22500,45000,90000,0,0,0,1,0,1,1,0,650,0,53,4,5,4,3,3,1.833333333,3,3,3,4,4,4,4,4,3,0
2437,3500,7000,14000,0,0,0,1,0,1,1,0,550,0,31,5,4,3,4,4,1,4,3,4,4,4,4,5,4,4,0
2438,40000,80000,160000,0,0,1,0,0,0,1,0,200,0,29,3,4,3,4,4,1.666666667,4,3,3,5,4,4,4,5,3,0
2439,6000,12000,24000,1,0,0,0,0,0,0,1,450,1,34,4,4,2,4,4,1.833333333,2,4,2,4,4,4,4,4,2,1
2440,22500,45000,90000,1,0,0,0,0,0,0,1,350,0,37,3,3,3,4,4,2,3,3,3,4,4,4,4,4,3,0
2441,40000,80000,160000,0,0,0,1,0,1,1,0,850,0,25,5,4,4,5,4,1.333333333,3,4,3,4,3,3,4,4,3,0
2442,3500,7000,14000,1,0,0,0,0,0,0,1,300,0,46,4,4,4,5,5,1.5,2,4,4,4,4,4,4,3,4,1
2443,3500,7000,14000,1,0,0,0,0,0,0,1,890,1,39,3,2,3,3,3,1.833333333,2,4,3,4,4,3,4,3,4,0
2444,40000,80000,160000,0,0,0,1,0,1,1,0,280,1,39,5,5,5,5,5,1.833333333,1,2,4,4,4,4,4,4,4,1
2445,11500,23000,46000,0,0,0,1,0,1,1,0,350,1,34,4,3,3,4,4,1.333333333,2,3,3,4,4,4,4,4,3,0
2446,11500,23000,46000,1,0,0,0,0,0,0,1,650,1,23,4,4,3,4,5,2,2,2,2,5,4,4,4,4,3,0
2447,6000,12000,24000,0,0,0,1,0,1,1,0,270,0,31,3,4,4,5,4,1.666666667,3,3,2,4,4,4,4,4,3,1
2448,40000,80000,160000,0,0,0,1,0,1,1,0,850,1,33,4,3,3,4,4,1.333333333,3,3,3,5,5,4,5,4,4,0
2449,6000,12000,24000,0,0,1,0,0,0,1,0,350,1,24,5,3,4,4,4,1.5,2,4,3,4,3,3,3,4,3,1
2450,22500,45000,90000,0,0,1,0,0,0,1,0,890,0,46,4,4,3,3,3,1.666666667,4,2,4,4,4,4,4,4,4,0
2451,3500,7000,14000,0,0,0,1,0,1,1,0,810,1,30,5,4,5,5,5,1,5,2,5,5,4,4,5,4,4,1
2452,3500,7000,14000,0,0,0,1,0,1,1,0,600,0,34,3,3,3,3,3,2,4,3,3,3,3,3,3,3,3,1
2453,6000,12000,24000,0,0,0,1,0,1,1,0,150,1,28,4,4,4,4,5,1.5,3,4,4,4,3,4,2,5,3,0
2454,22500,45000,90000,0,0,1,0,0,0,1,0,2000,1,36,3,4,4,5,4,1.5,3,4,3,4,4,4,4,5,4,0
2455,11500,23000,46000,0,0,0,1,0,1,1,0,280,1,45,5,4,4,5,5,1,2,1,4,5,4,4,5,5,3,1
2456,6000,12000,24000,0,1,0,0,0,0,0,1,440,0,37,5,4,4,5,5,1,3,3,4,4,4,4,4,4,4,1
2457,6000,12000,24000,0,0,0,1,0,1,1,0,550,0,48,3,4,4,5,5,1.5,2,4,3,4,4,4,4,5,3,0
2458,6000,12000,24000,0,0,0,1,0,1,1,0,150,1,25,3,4,4,3,4,2,2,4,1,4,4,4,4,4,2,0
2459,11500,23000,46000,0,0,0,1,0,1,1,0,230,0,25,4,2,2,5,5,1.833333333,4,4,3,4,4,5,5,5,4,1
2460,40000,80000,160000,0,0,0,1,1,0,1,0,850,0,43,5,5,5,5,5,1.666666667,5,3,4,5,4,4,4,5,3,0
2461,11500,23000,46000,0,0,0,1,0,1,1,0,250,1,43,3,3,3,3,4,1.5,3,3,3,3,3,4,3,3,3,1
2462,22500,45000,90000,0,1,0,0,0,0,0,1,350,0,34,4,4,3,5,5,1.666666667,2,4,3,5,5,5,5,5,2,0
2463,11500,23000,46000,1,0,0,0,0,0,0,1,590,0,36,5,5,4,5,4,1.666666667,5,2,4,4,4,4,4,5,3,1
2464,22500,45000,90000,0,0,0,1,0,1,1,0,550,0,53,5,2,2,4,4,1,2,5,4,4,4,4,5,4,4,1
2465,6000,12000,24000,0,0,0,1,0,1,1,0,90,0,25,3,4,4,5,4,1.5,2,3,2,4,4,4,4,4,3,1
2466,3500,7000,14000,0,0,1,0,0,0,1,0,850,1,33,4,5,4,4,4,1.5,2,3,2,5,4,5,5,5,2,0
2467,6000,12000,24000,1,0,0,0,0,0,0,1,550,1,46,4,3,3,4,4,1.333333333,2,3,3,3,3,3,3,4,2,0
2468,11500,23000,46000,0,1,0,0,0,0,0,1,560,0,42,5,4,2,3,4,1.666666667,2,4,4,5,4,5,5,5,3,1
2469,3500,7000,14000,0,0,1,0,0,0,1,0,390,0,57,5,5,5,5,5,1,4,3,4,5,4,4,5,4,2,1
2470,6000,12000,24000,0,0,0,1,0,1,1,0,350,1,38,4,4,3,4,3,1.333333333,2,4,3,4,4,5,4,4,2,1
2471,6000,12000,24000,1,0,0,0,0,0,0,1,800,0,41,4,4,3,4,3,1.666666667,2,3,3,3,3,4,4,4,3,0
2472,22500,45000,90000,0,1,0,0,0,0,0,1,550,0,42,4,3,3,5,4,1,4,4,4,5,2,4,4,4,3,0
2474,22500,45000,90000,0,0,1,0,0,0,1,0,130,0,63,5,4,4,5,5,1.333333333,5,3,4,4,4,4,4,4,3,0
2475,40000,80000,160000,0,0,0,1,1,0,1,0,650,1,31,4,4,4,5,5,1.5,2,2,4,4,5,5,5,5,3,0
2476,22500,45000,90000,0,1,0,0,0,0,0,1,1500,0,37,5,5,5,5,5,1.333333333,3,3,4,5,4,4,4,5,4,0
2477,22500,45000,90000,0,0,0,1,0,1,1,0,170,0,33,3,3,3,5,4,1.666666667,3,3,3,4,3,3,3,4,1,0
2478,40000,80000,160000,0,0,0,1,1,0,1,0,810,0,26,5,1,1,5,3,1.666666667,2,4,3,4,4,3,3,5,3,0
2479,11500,23000,46000,0,0,1,0,0,0,1,0,330,1,55,2,5,5,4,3,1.833333333,4,3,2,3,4,4,4,5,1,1
2480,6000,12000,24000,0,0,0,1,0,1,1,0,850,0,21,5,3,3,5,5,1,5,3,3,5,3,4,4,5,4,0
2481,22500,45000,90000,0,1,0,0,0,0,0,1,450,1,33,3,3,3,4,4,1.5,2,4,3,3,3,3,3,3,3,0
2482,3500,7000,14000,0,0,0,1,0,1,1,0,550,1,39,4,4,3,5,4,1.833333333,5,3,3,5,4,5,4,5,3,0
2483,22500,45000,90000,0,0,1,0,0,0,1,0,450,1,38,3,3,3,3,3,1.833333333,2,4,2,4,4,5,5,4,3,0
2484,40000,80000,160000,0,0,0,1,0,1,1,0,150,0,47,4,4,4,4,4,2,3,3,4,4,4,4,4,4,3,0
2485,3500,7000,14000,0,0,0,1,0,1,1,0,850,0,31,5,5,4,5,5,1,4,3,5,5,3,5,5,5,2,1
2486,22500,45000,90000,0,1,0,0,0,0,0,1,90,0,29,3,4,4,5,5,2,4,3,2,5,5,5,5,5,4,0
2487,22500,45000,90000,0,0,1,0,0,0,1,0,600,1,33,4,4,2,5,4,1.666666667,3,4,3,3,3,4,4,4,3,0
2488,3500,7000,14000,0,0,1,0,0,0,1,0,100,0,43,4,4,5,5,5,2,5,3,3,4,4,4,4,5,3,0
2489,22500,45000,90000,0,0,0,1,1,0,1,0,350,0,27,4,4,4,5,4,1.833333333,3,3,3,4,4,4,4,5,3,1
2490,40000,80000,160000,1,0,0,0,0,0,0,1,300,0,40,5,5,5,5,5,1.666666667,3,3,4,4,4,4,5,4,5,1
2491,6000,12000,24000,0,0,1,0,0,0,1,0,550,1,41,4,4,4,4,3,1.833333333,3,4,3,4,3,4,4,4,3,0
2492,6000,12000,24000,0,1,0,0,0,0,0,1,100,0,27,3,3,4,4,3,1.333333333,2,3,3,3,2,3,3,4,3,1
2493,40000,80000,160000,1,0,0,0,0,0,0,1,240,1,62,4,4,4,5,4,1.333333333,1,4,2,5,4,4,4,5,4,0
2494,40000,80000,160000,0,0,0,1,0,1,1,0,350,0,52,3,4,4,3,4,1.5,4,3,3,4,4,4,4,5,1,1
2495,3500,7000,14000,1,0,0,0,0,0,0,1,170,1,52,4,5,4,4,4,1.666666667,2,2,4,5,5,5,5,5,3,0
2496,40000,80000,160000,0,0,0,1,1,0,1,0,500,0,29,4,4,4,5,5,1.5,3,4,2,5,4,4,3,4,2,1
2497,40000,80000,160000,0,0,0,1,0,1,1,0,380,0,49,4,4,4,4,4,1.5,4,2,3,4,4,3,4,4,1,0
2498,3500,7000,14000,0,0,0,1,0,1,1,0,200,1,58,5,4,4,5,5,1.333333333,1,3,3,5,4,4,4,4,3,0
2499,6000,12000,24000,0,0,0,1,0,1,1,0,200,0,26,2,5,5,4,5,1.833333333,4,3,3,5,4,4,4,4,4,1
2500,11500,23000,46000,1,0,0,0,0,0,0,1,130,1,24,3,4,4,4,3,1.666666667,4,3,3,4,4,4,4,4,2,1
2501,22500,45000,90000,0,1,0,0,0,0,0,1,550,0,21,4,5,5,4,4,1.166666667,4,4,4,5,4,4,4,5,3,0
2502,22500,45000,90000,0,0,0,1,0,1,1,0,160,0,27,4,4,4,5,5,1.666666667,3,4,4,5,4,4,4,5,4,0
2503,22500,45000,90000,0,0,0,1,0,1,1,0,240,1,34,4,4,4,4,4,2,3,3,3,4,4,4,4,4,3,0
2504,3500,7000,14000,0,0,0,1,0,1,1,0,230,1,34,2,3,3,3,3,2,3,3,3,3,3,3,3,3,3,0
2505,11500,23000,46000,0,1,0,0,0,0,0,1,400,0,37,4,4,2,2,3,2,4,3,2,4,5,5,5,5,2,0
2506,6000,12000,24000,0,0,0,1,0,1,1,0,680,1,27,4,4,5,5,5,1,4,4,4,4,4,3,4,4,4,1
2507,11500,23000,46000,1,0,0,0,0,0,0,1,460,0,25,2,4,4,4,3,1.5,2,3,2,5,4,4,4,4,3,0
2508,40000,80000,160000,0,0,0,1,0,1,1,0,440,0,40,4,3,3,5,5,1.166666667,4,4,3,5,5,5,5,5,2,1
2509,22500,45000,90000,0,0,0,1,0,1,1,0,550,0,43,3,3,3,5,5,1.333333333,2,4,3,4,4,4,4,5,2,1
2510,40000,80000,160000,0,1,0,0,0,0,0,1,330,0,47,2,3,3,4,4,1.5,2,4,4,5,4,3,3,4,2,1
